{"cameraMode":{"drawMode":0,"name":"Shaded","section":"Shading Mode"},"sceneLighting":false,"audioPlay":false,"sceneViewState":{"showFog":true,"showMaterialUpdate":false,"showSkybox":false,"showFlares":true,"showImageEffects":true,"showParticleSystems":true},"in2DMode":false,"pivot":{"x":4.621201038360596,"y":10.852139472961426,"z":-2.8264827728271486},"rotation":{"x":0.15986423194408418,"y":-0.005675482098013163,"z":0.0005472079501487315,"w":0.9874506592750549},"size":2.36602520942688,"orthographic":false}