{"cameraMode":{"drawMode":0,"name":"Shaded","section":"Shading Mode"},"sceneLighting":false,"audioPlay":false,"sceneViewState":{"showFog":true,"showMaterialUpdate":false,"showSkybox":false,"showFlares":true,"showImageEffects":true,"showParticleSystems":true},"in2DMode":false,"pivot":{"x":2.2479891777038576,"y":5.900857925415039,"z":13.368480682373047},"rotation":{"x":-0.1492835283279419,"y":0.5901269316673279,"z":-0.10944440960884094,"w":-0.7869592308998108},"size":0.27119946479797366,"orthographic":true}