{"cameraMode":{"drawMode":0,"name":"Shaded","section":"Shading Mode"},"sceneLighting":false,"audioPlay":false,"sceneViewState":{"showFog":true,"showMaterialUpdate":false,"showSkybox":false,"showFlares":true,"showImageEffects":true,"showParticleSystems":true},"in2DMode":false,"pivot":{"x":-0.47600001096725466,"y":0.9458999633789063,"z":0.23600000143051148},"rotation":{"x":0.053246550261974338,"y":-0.9442577362060547,"z":0.18640448153018952,"w":0.2678818702697754},"size":0.7557342052459717,"orthographic":true}