{"cameraMode":{"drawMode":0,"name":"Shaded","section":"Shading Mode"},"sceneLighting":false,"audioPlay":false,"sceneViewState":{"showFog":true,"showMaterialUpdate":false,"showSkybox":false,"showFlares":true,"showImageEffects":true,"showParticleSystems":true},"in2DMode":false,"pivot":{"x":9.345428466796875,"y":11.823945999145508,"z":2.929464817047119},"rotation":{"x":-0.003267955733463168,"y":-0.9976273775100708,"z":0.07342319190502167,"w":-0.023310871794819833},"size":0.15428006649017335,"orthographic":true}