{"cameraMode":{"drawMode":0,"name":"Shaded","section":"Shading Mode"},"sceneLighting":false,"audioPlay":false,"sceneViewState":{"showFog":true,"showMaterialUpdate":false,"showSkybox":false,"showFlares":true,"showImageEffects":true,"showParticleSystems":true},"in2DMode":false,"pivot":{"x":5.1150054931640629,"y":11.272459030151368,"z":-4.149343967437744},"rotation":{"x":0.1449355036020279,"y":0.03439871594309807,"z":-0.005387481302022934,"w":0.9891547560691834},"size":1.169593334197998,"orthographic":false}