{"cameraMode":{"drawMode":0,"name":"Shaded","section":"Shading Mode"},"sceneLighting":false,"audioPlay":false,"sceneViewState":{"showFog":true,"showMaterialUpdate":false,"showSkybox":false,"showFlares":true,"showImageEffects":true,"showParticleSystems":true},"in2DMode":false,"pivot":{"x":0.8599929809570313,"y":4.042391777038574,"z":0.09001457691192627},"rotation":{"x":-0.08686722069978714,"y":-0.6793980598449707,"z":0.08150317519903183,"w":-0.72404944896698},"size":5.824241638183594,"orthographic":false}