{"cameraMode":{"drawMode":0,"name":"Shaded","section":"Shading Mode"},"sceneLighting":false,"audioPlay":false,"sceneViewState":{"showFog":true,"showMaterialUpdate":false,"showSkybox":false,"showFlares":true,"showImageEffects":true,"showParticleSystems":true},"in2DMode":false,"pivot":{"x":-1.1333403587341309,"y":4.076935768127441,"z":2.19499135017395},"rotation":{"x":-0.45325735211372378,"y":-0.21931083500385285,"z":0.11614369601011276,"w":-0.8561725616455078},"size":10.547011375427246,"orthographic":false}