{"cameraMode":{"drawMode":0,"name":"Shaded","section":"Shading Mode"},"sceneLighting":false,"audioPlay":false,"sceneViewState":{"showFog":true,"showMaterialUpdate":false,"showSkybox":false,"showFlares":true,"showImageEffects":true,"showParticleSystems":true},"in2DMode":false,"pivot":{"x":14.278603553771973,"y":4.259091854095459,"z":-0.16794371604919434},"rotation":{"x":-0.06640033423900604,"y":-0.6516578793525696,"z":0.057423561811447147,"w":-0.7534302473068237},"size":9.063760757446289,"orthographic":false}