{"cameraMode":{"drawMode":0,"name":"Shaded","section":"Shading Mode"},"sceneLighting":false,"audioPlay":false,"sceneViewState":{"showFog":true,"showMaterialUpdate":false,"showSkybox":false,"showFlares":true,"showImageEffects":true,"showParticleSystems":true},"in2DMode":false,"pivot":{"x":8.380999565124512,"y":12.722599983215332,"z":14.098899841308594},"rotation":{"x":0.074907086789608,"y":0.03105498105287552,"z":-0.00275395717471838,"w":0.9970449805259705},"size":1.4221925735473633,"orthographic":false}