{"cameraMode":{"drawMode":0,"name":"Shaded","section":"Shading Mode"},"sceneLighting":false,"audioPlay":false,"sceneViewState":{"showFog":true,"showMaterialUpdate":false,"showSkybox":false,"showFlares":true,"showImageEffects":true,"showParticleSystems":true},"in2DMode":false,"pivot":{"x":0.3353961110115051,"y":-0.4687206745147705,"z":2.398043632507324},"rotation":{"x":-0.203986257314682,"y":-0.03426261618733406,"z":0.0075548491440713409,"w":-0.9786854386329651},"size":3.220076560974121,"orthographic":false}