{"cameraMode":{"drawMode":0,"name":"Shaded","section":"Shading Mode"},"sceneLighting":false,"audioPlay":false,"sceneViewState":{"showFog":true,"showMaterialUpdate":false,"showSkybox":false,"showFlares":true,"showImageEffects":true,"showParticleSystems":true},"in2DMode":false,"pivot":{"x":-0.06446176767349243,"y":0.13200634717941285,"z":-0.18825113773345948},"rotation":{"x":0.06987464427947998,"y":0.926646888256073,"z":-0.21964773535728455,"w":0.29815956950187685},"size":0.43276920914649966,"orthographic":false}