{"cameraMode":{"drawMode":0,"name":"Shaded","section":"Shading Mode"},"sceneLighting":true,"audioPlay":false,"sceneViewState":{"showFog":true,"showMaterialUpdate":false,"showSkybox":false,"showFlares":true,"showImageEffects":true,"showParticleSystems":true},"in2DMode":false,"pivot":{"x":-15.500999450683594,"y":2.012500524520874,"z":2.479999542236328},"rotation":{"x":-0.21404390037059785,"y":0.7602214217185974,"z":-0.3061226010322571,"w":-0.5315594673156738},"size":5.861584663391113,"orthographic":false}