{"cameraMode":{"drawMode":0,"name":"Shaded","section":"Shading Mode"},"sceneLighting":false,"audioPlay":false,"sceneViewState":{"showFog":true,"showMaterialUpdate":false,"showSkybox":false,"showFlares":true,"showImageEffects":true,"showParticleSystems":true},"in2DMode":false,"pivot":{"x":-2.75,"y":12.107023239135743,"z":-4.0203471183776859},"rotation":{"x":0.0003405261959414929,"y":-0.9999576807022095,"z":0.027006929740309717,"w":-0.0009014515671879053},"size":2.0180437564849855,"orthographic":false}