{"cameraMode":{"drawMode":0,"name":"Shaded","section":"Shading Mode"},"sceneLighting":false,"audioPlay":false,"sceneViewState":{"showFog":true,"showMaterialUpdate":false,"showSkybox":false,"showFlares":true,"showImageEffects":true,"showParticleSystems":true},"in2DMode":false,"pivot":{"x":0.36218392848968508,"y":0.7603119611740112,"z":0.8086072206497192},"rotation":{"x":-0.19230647385120393,"y":-0.021106211468577386,"z":0.00453552883118391,"w":-0.9814355373382568},"size":1.7686927318572999,"orthographic":false}