{"cameraMode":{"drawMode":0,"name":"Shaded","section":"Shading Mode"},"sceneLighting":false,"audioPlay":false,"sceneViewState":{"showFog":true,"showMaterialUpdate":false,"showSkybox":false,"showFlares":true,"showImageEffects":true,"showParticleSystems":true},"in2DMode":false,"pivot":{"x":-0.9289904832839966,"y":0.48500609397888186,"z":0.49491214752197268},"rotation":{"x":0.020059337839484216,"y":0.9765430092811585,"z":-0.18710970878601075,"w":0.1046939566731453},"size":5.438079833984375,"orthographic":false}