{"cameraMode":{"drawMode":0,"name":"Shaded","section":"Shading Mode"},"sceneLighting":false,"audioPlay":false,"sceneViewState":{"showFog":true,"showMaterialUpdate":false,"showSkybox":false,"showFlares":true,"showImageEffects":true,"showParticleSystems":true},"in2DMode":false,"pivot":{"x":5.441051483154297,"y":8.084122657775879,"z":-1.3972852230072022},"rotation":{"x":0.074907086789608,"y":0.03105498105287552,"z":-0.00275395717471838,"w":0.9970449805259705},"size":1.1440716981887818,"orthographic":false}