{"cameraMode":{"drawMode":0,"name":"Shaded","section":"Shading Mode"},"sceneLighting":false,"audioPlay":false,"sceneViewState":{"showFog":true,"showMaterialUpdate":false,"showSkybox":false,"showFlares":true,"showImageEffects":true,"showParticleSystems":true},"in2DMode":false,"pivot":{"x":0.6311138868331909,"y":0.8152354955673218,"z":-0.972314715385437},"rotation":{"x":0.034525446593761447,"y":0.9629178643226624,"z":-0.22191496193408967,"w":0.1499824821949005},"size":1.6499519348144532,"orthographic":false}