{"cameraMode":{"drawMode":0,"name":"Shaded","section":"Shading Mode"},"sceneLighting":false,"audioPlay":false,"sceneViewState":{"showFog":true,"showMaterialUpdate":false,"showSkybox":false,"showFlares":true,"showImageEffects":true,"showParticleSystems":true},"in2DMode":false,"pivot":{"x":22.266948699951173,"y":6.587498664855957,"z":33.684017181396487},"rotation":{"x":-0.16620801389217378,"y":-0.6928932070732117,"z":0.16911818087100984,"w":-0.6809467077255249},"size":13.116052627563477,"orthographic":false}