{"cameraMode":{"drawMode":0,"name":"Shaded","section":"Shading Mode"},"sceneLighting":false,"audioPlay":false,"sceneViewState":{"showFog":true,"showMaterialUpdate":false,"showSkybox":false,"showFlares":true,"showImageEffects":true,"showParticleSystems":true},"in2DMode":false,"pivot":{"x":40.24617004394531,"y":9.341412544250489,"z":-58.273868560791019},"rotation":{"x":0.008005762472748757,"y":0.961763858795166,"z":-0.03517620638012886,"w":0.27482298016548159},"size":1.106057047843933,"orthographic":true}