{"cameraMode":{"drawMode":0,"name":"Shaded","section":"Shading Mode"},"sceneLighting":false,"audioPlay":false,"sceneViewState":{"showFog":true,"showMaterialUpdate":false,"showSkybox":false,"showFlares":true,"showImageEffects":true,"showParticleSystems":true},"in2DMode":false,"pivot":{"x":12.882599830627442,"y":13.02253532409668,"z":9.279999732971192},"rotation":{"x":-0.00028877664590254426,"y":0.9910024404525757,"z":-0.1376345157623291,"w":0.002846746938303113},"size":1.525730848312378,"orthographic":true}