{"cameraMode":{"drawMode":0,"name":"Shaded","section":"Shading Mode"},"sceneLighting":false,"audioPlay":false,"sceneViewState":{"showFog":true,"showMaterialUpdate":false,"showSkybox":false,"showFlares":true,"showImageEffects":true,"showParticleSystems":true},"in2DMode":false,"pivot":{"x":4.630255699157715,"y":1.0885545015335084,"z":-20.14992904663086},"rotation":{"x":0.14488504827022553,"y":0.043427594006061557,"z":-0.007253538817167282,"w":0.9890053868293762},"size":1.238355040550232,"orthographic":true}